fault_links,fault_count,returncode,output_dir,python_time_sec,cplex_time_sec,lmax_sum,inspection_time_sec,total_time_sec
1-2,1,0,batch_output/f_1-2,1.466,0.810,5760.000,0.028800,2.305
1-5,1,0,batch_output/f_1-5,1.408,0.800,4724.000,0.023620,2.232
1-6,1,0,batch_output/f_1-6,1.245,0.790,3206.000,0.016030,2.052
1-7,1,0,batch_output/f_1-7,0.773,0.190,8600.000,0.043000,1.006
1-9,1,0,batch_output/f_1-9,1.404,0.810,6412.000,0.032060,2.246
1-11,1,0,batch_output/f_1-11,0.830,0.210,8522.000,0.042610,1.083
2-3,1,0,batch_output/f_2-3,1.467,0.790,5760.000,0.028800,2.286
2-5,1,0,batch_output/f_2-5,0.978,0.160,8712.000,0.043560,1.181
2-8,1,0,batch_output/f_2-8,0.766,0.150,6676.000,0.033380,0.949
3-5,1,0,batch_output/f_3-5,1.212,0.180,9700.000,0.048500,1.440
3-6,1,0,batch_output/f_3-6,0.840,0.200,8600.000,0.043000,1.083
3-7,1,0,batch_output/f_3-7,1.443,0.790,5760.000,0.028800,2.262
3-8,1,0,batch_output/f_3-8,0.836,0.210,8600.000,0.043000,1.089
4-6,1,0,batch_output/f_4-6,0.848,0.200,8522.000,0.042610,1.091
4-7,1,0,batch_output/f_4-7,0.565,0.130,4294.000,0.021470,0.717
4-8,1,0,batch_output/f_4-8,0.568,0.130,4294.000,0.021470,0.719
4-9,1,0,batch_output/f_4-9,0.576,0.140,4294.000,0.021470,0.738
4-10,1,0,batch_output/f_4-10,0.827,0.200,8522.000,0.042610,1.069
5-6,1,0,batch_output/f_5-6,1.465,0.800,4724.000,0.023620,2.289
5-11,1,0,batch_output/f_5-11,1.174,0.190,10748.000,0.053740,1.417
6-9,1,0,batch_output/f_6-9,1.506,0.820,4724.000,0.023620,2.349
7-8,1,0,batch_output/f_7-8,0.813,0.180,8600.000,0.043000,1.036
7-10,1,0,batch_output/f_7-10,1.452,0.790,6412.000,0.032060,2.274
9-10,1,0,batch_output/f_9-10,1.507,0.830,6412.000,0.032060,2.369
9-11,1,0,batch_output/f_9-11,0.560,0.120,4294.000,0.021470,0.702
10-11,1,0,batch_output/f_10-11,0.865,0.230,8522.000,0.042610,1.137
"1-2,1-5",2,0,batch_output/f_1-2__1-5,1.749,0.840,7278.000,0.036390,2.625
"1-2,1-6",2,0,batch_output/f_1-2__1-6,1.522,0.830,5760.000,0.028800,2.380
"1-2,1-7",2,0,batch_output/f_1-2__1-7,2.143,1.030,14360.000,0.071800,3.244
"1-2,1-9",2,0,batch_output/f_1-2__1-9,1.711,0.840,8966.000,0.044830,2.596
"1-2,1-11",2,0,batch_output/f_1-2__1-11,2.112,1.020,14282.000,0.071410,3.203
"1-2,2-3",2,0,batch_output/f_1-2__2-3,1.490,0.830,5760.000,0.028800,2.349
"1-2,2-5",2,0,batch_output/f_1-2__2-5,2.340,1.020,14472.000,0.072360,3.433
"1-2,2-8",2,0,batch_output/f_1-2__2-8,2.107,0.980,12436.000,0.062180,3.149
"1-2,3-5",2,0,batch_output/f_1-2__3-5,2.499,1.000,15460.000,0.077300,3.577
"1-2,3-6",2,0,batch_output/f_1-2__3-6,2.123,1.030,14360.000,0.071800,3.225
"1-2,3-7",2,0,batch_output/f_1-2__3-7,1.482,0.800,5760.000,0.028800,2.310
"1-2,3-8",2,0,batch_output/f_1-2__3-8,2.161,1.060,14360.000,0.071800,3.293
"1-2,4-6",2,0,batch_output/f_1-2__4-6,2.131,1.020,14282.000,0.071410,3.223
"1-2,4-7",2,0,batch_output/f_1-2__4-7,1.806,0.940,10054.000,0.050270,2.796
"1-2,4-8",2,0,batch_output/f_1-2__4-8,1.796,0.940,10054.000,0.050270,2.786
"1-2,4-9",2,0,batch_output/f_1-2__4-9,1.850,0.960,10054.000,0.050270,2.860
"1-2,4-10",2,0,batch_output/f_1-2__4-10,2.147,1.020,14282.000,0.071410,3.238
"1-2,5-6",2,0,batch_output/f_1-2__5-6,1.695,0.830,7278.000,0.036390,2.561
"1-2,5-11",2,0,batch_output/f_1-2__5-11,2.466,0.980,16508.000,0.082540,3.529
"1-2,6-9",2,0,batch_output/f_1-2__6-9,1.666,0.830,7278.000,0.036390,2.532
"1-2,7-8",2,0,batch_output/f_1-2__7-8,2.105,1.020,14360.000,0.071800,3.197
"1-2,7-10",2,0,batch_output/f_1-2__7-10,1.699,0.830,8966.000,0.044830,2.573
"1-2,9-10",2,0,batch_output/f_1-2__9-10,1.666,0.830,8966.000,0.044830,2.541
"1-2,9-11",2,0,batch_output/f_1-2__9-11,1.793,0.920,10054.000,0.050270,2.763
"1-2,10-11",2,0,batch_output/f_1-2__10-11,2.053,0.990,14282.000,0.071410,3.115
"1-5,1-6",2,0,batch_output/f_1-5__1-6,1.473,0.810,4724.000,0.023620,2.307
"1-5,1-7",2,0,batch_output/f_1-5__1-7,2.092,1.040,13324.000,0.066620,3.198
"1-5,1-9",2,0,batch_output/f_1-5__1-9,1.671,0.820,7930.000,0.039650,2.531
"1-5,1-11",2,0,batch_output/f_1-5__1-11,2.083,1.020,13246.000,0.066230,3.170
"1-5,2-3",2,0,batch_output/f_1-5__2-3,1.736,0.850,7278.000,0.036390,2.622
"1-5,2-5",2,0,batch_output/f_1-5__2-5,2.283,0.990,13436.000,0.067180,3.340
"1-5,2-8",2,0,batch_output/f_1-5__2-8,2.041,0.960,11400.000,0.057000,3.058
"1-5,3-5",2,0,batch_output/f_1-5__3-5,2.406,0.980,14424.000,0.072120,3.459
"1-5,3-6",2,0,batch_output/f_1-5__3-6,2.004,0.990,13324.000,0.066620,3.060
"1-5,3-7",2,0,batch_output/f_1-5__3-7,1.648,0.830,7278.000,0.036390,2.515
"1-5,3-8",2,0,batch_output/f_1-5__3-8,1.988,0.980,13324.000,0.066620,3.035
"1-5,4-6",2,0,batch_output/f_1-5__4-6,2.086,1.000,13246.000,0.066230,3.152
"1-5,4-7",2,0,batch_output/f_1-5__4-7,1.814,0.960,9018.000,0.045090,2.819
"1-5,4-8",2,0,batch_output/f_1-5__4-8,1.803,0.960,9018.000,0.045090,2.809
"1-5,4-9",2,0,batch_output/f_1-5__4-9,1.865,0.990,9018.000,0.045090,2.900
"1-5,4-10",2,0,batch_output/f_1-5__4-10,2.121,1.010,13246.000,0.066230,3.197
"1-5,5-6",2,0,batch_output/f_1-5__5-6,1.465,0.820,4724.000,0.023620,2.308
"1-5,5-11",2,0,batch_output/f_1-5__5-11,2.493,1.020,15472.000,0.077360,3.591
"1-5,6-9",2,0,batch_output/f_1-5__6-9,1.464,0.820,4724.000,0.023620,2.307
"1-5,7-8",2,0,batch_output/f_1-5__7-8,2.062,1.020,13324.000,0.066620,3.149
"1-5,7-10",2,0,batch_output/f_1-5__7-10,1.678,0.820,7930.000,0.039650,2.538
"1-5,9-10",2,0,batch_output/f_1-5__9-10,1.677,0.830,7930.000,0.039650,2.546
"1-5,9-11",2,0,batch_output/f_1-5__9-11,1.830,0.940,9018.000,0.045090,2.815
"1-5,10-11",2,0,batch_output/f_1-5__10-11,2.026,1.000,13246.000,0.066230,3.092
"1-6,1-7",2,0,batch_output/f_1-6__1-7,1.828,1.020,11806.000,0.059030,2.907
"1-6,1-9",2,0,batch_output/f_1-6__1-9,1.514,0.820,6412.000,0.032060,2.367
"1-6,1-11",2,0,batch_output/f_1-6__1-11,1.904,1.000,11728.000,0.058640,2.963
"1-6,2-3",2,0,batch_output/f_1-6__2-3,1.531,0.830,5760.000,0.028800,2.389
"1-6,2-5",2,0,batch_output/f_1-6__2-5,2.075,0.980,11918.000,0.059590,3.114
"1-6,2-8",2,0,batch_output/f_1-6__2-8,1.834,0.960,9882.000,0.049410,2.844
"1-6,3-5",2,0,batch_output/f_1-6__3-5,2.230,0.990,12906.000,0.064530,3.284
"1-6,3-6",2,0,batch_output/f_1-6__3-6,1.904,1.020,11806.000,0.059030,2.983
"1-6,3-7",2,0,batch_output/f_1-6__3-7,1.449,0.810,5760.000,0.028800,2.288
"1-6,3-8",2,0,batch_output/f_1-6__3-8,1.813,0.980,11806.000,0.059030,2.852
"1-6,4-6",2,0,batch_output/f_1-6__4-6,1.799,1.000,11728.000,0.058640,2.857
"1-6,4-7",2,0,batch_output/f_1-6__4-7,1.624,0.950,7500.000,0.037500,2.611
"1-6,4-8",2,0,batch_output/f_1-6__4-8,1.609,0.950,7500.000,0.037500,2.597
"1-6,4-9",2,0,batch_output/f_1-6__4-9,1.656,0.960,7500.000,0.037500,2.653
"1-6,4-10",2,0,batch_output/f_1-6__4-10,1.882,1.040,11728.000,0.058640,2.981
"1-6,5-6",2,0,batch_output/f_1-6__5-6,1.518,0.830,4724.000,0.023620,2.372
"1-6,5-11",2,0,batch_output/f_1-6__5-11,2.321,0.990,13954.000,0.069770,3.380
"1-6,6-9",2,0,batch_output/f_1-6__6-9,1.493,0.810,4724.000,0.023620,2.327
"1-6,7-8",2,0,batch_output/f_1-6__7-8,1.919,1.010,11806.000,0.059030,2.988
"1-6,7-10",2,0,batch_output/f_1-6__7-10,1.507,0.820,6412.000,0.032060,2.360
"1-6,9-10",2,0,batch_output/f_1-6__9-10,1.486,0.820,6412.000,0.032060,2.338
"1-6,9-11",2,0,batch_output/f_1-6__9-11,1.607,0.930,7500.000,0.037500,2.574
"1-6,10-11",2,0,batch_output/f_1-6__10-11,1.873,1.000,11728.000,0.058640,2.932
"1-7,1-9",2,0,batch_output/f_1-7__1-9,2.168,1.050,15012.000,0.075060,3.293
"1-7,1-11",2,0,batch_output/f_1-7__1-11,0.998,0.210,12822.000,0.064110,1.272
"1-7,2-3",2,0,batch_output/f_1-7__2-3,2.185,1.080,14360.000,0.071800,3.336
"1-7,2-5",2,0,batch_output/f_1-7__2-5,1.630,0.400,17312.000,0.086560,2.116
"1-7,2-8",2,0,batch_output/f_1-7__2-8,1.428,0.390,15276.000,0.076380,1.895
"1-7,3-5",2,0,batch_output/f_1-7__3-5,1.852,0.410,18300.000,0.091500,2.354
"1-7,3-6",2,0,batch_output/f_1-7__3-6,0.852,0.210,8600.000,0.043000,1.105
"1-7,3-7",2,0,batch_output/f_1-7__3-7,2.181,1.040,14360.000,0.071800,3.293
"1-7,3-8",2,0,batch_output/f_1-7__3-8,0.818,0.210,8600.000,0.043000,1.071
"1-7,4-6",2,0,batch_output/f_1-7__4-6,1.092,0.240,12822.000,0.064110,1.396
"1-7,4-7",2,0,batch_output/f_1-7__4-7,1.238,0.380,12894.000,0.064470,1.683
"1-7,4-8",2,0,batch_output/f_1-7__4-8,1.235,0.360,12894.000,0.064470,1.660
"1-7,4-9",2,0,batch_output/f_1-7__4-9,1.258,0.370,12894.000,0.064470,1.692
"1-7,4-10",2,0,batch_output/f_1-7__4-10,1.106,0.250,12822.000,0.064110,1.420
"1-7,5-6",2,0,batch_output/f_1-7__5-6,2.151,1.050,13324.000,0.066620,3.268
"1-7,5-11",2,0,batch_output/f_1-7__5-11,1.857,0.400,19348.000,0.096740,2.354
"1-7,6-9",2,0,batch_output/f_1-7__6-9,2.202,1.060,13324.000,0.066620,3.328
"1-7,7-8",2,0,batch_output/f_1-7__7-8,0.874,0.220,8600.000,0.043000,1.137
"1-7,7-10",2,0,batch_output/f_1-7__7-10,2.200,1.040,15012.000,0.075060,3.315
"1-7,9-10",2,0,batch_output/f_1-7__9-10,2.127,1.020,15012.000,0.075060,3.222
"1-7,9-11",2,0,batch_output/f_1-7__9-11,1.190,0.340,12894.000,0.064470,1.595
"1-7,10-11",2,0,batch_output/f_1-7__10-11,1.084,0.230,12822.000,0.064110,1.378
"1-9,1-11",2,0,batch_output/f_1-9__1-11,2.103,1.010,14934.000,0.074670,3.187
"1-9,2-3",2,0,batch_output/f_1-9__2-3,1.755,0.850,8966.000,0.044830,2.650
"1-9,2-5",2,0,batch_output/f_1-9__2-5,2.371,1.000,15124.000,0.075620,3.446
"1-9,2-8",2,0,batch_output/f_1-9__2-8,2.114,0.980,13088.000,0.065440,3.160
"1-9,3-5",2,0,batch_output/f_1-9__3-5,2.506,1.020,16112.000,0.080560,3.606
"1-9,3-6",2,0,batch_output/f_1-9__3-6,2.140,1.010,15012.000,0.075060,3.225
"1-9,3-7",2,0,batch_output/f_1-9__3-7,1.703,0.830,8966.000,0.044830,2.578
"1-9,3-8",2,0,batch_output/f_1-9__3-8,2.123,1.020,15012.000,0.075060,3.218
"1-9,4-6",2,0,batch_output/f_1-9__4-6,2.143,1.030,14934.000,0.074670,3.248
"1-9,4-7",2,0,batch_output/f_1-9__4-7,1.878,0.950,10706.000,0.053530,2.882
"1-9,4-8",2,0,batch_output/f_1-9__4-8,1.873,0.940,10706.000,0.053530,2.866
"1-9,4-9",2,0,batch_output/f_1-9__4-9,1.862,0.940,10706.000,0.053530,2.855
"1-9,4-10",2,0,batch_output/f_1-9__4-10,2.132,1.000,14934.000,0.074670,3.207
"1-9,5-6",2,0,batch_output/f_1-9__5-6,1.736,0.850,7930.000,0.039650,2.626
"1-9,5-11",2,0,batch_output/f_1-9__5-11,2.489,1.000,17160.000,0.085800,3.575
"1-9,6-9",2,0,batch_output/f_1-9__6-9,1.671,0.830,7930.000,0.039650,2.541
"1-9,7-8",2,0,batch_output/f_1-9__7-8,2.184,1.050,15012.000,0.075060,3.309
"1-9,7-10",2,0,batch_output/f_1-9__7-10,1.508,0.820,6412.000,0.032060,2.360
"1-9,9-10",2,0,batch_output/f_1-9__9-10,1.516,0.820,6412.000,0.032060,2.368
"1-9,9-11",2,0,batch_output/f_1-9__9-11,1.852,0.990,10706.000,0.053530,2.896
"1-9,10-11",2,0,batch_output/f_1-9__10-11,2.115,1.040,14934.000,0.074670,3.230
"1-11,2-3",2,0,batch_output/f_1-11__2-3,2.033,1.000,14282.000,0.071410,3.104
"1-11,2-5",2,0,batch_output/f_1-11__2-5,1.558,0.380,17234.000,0.086170,2.025
"1-11,2-8",2,0,batch_output/f_1-11__2-8,1.352,0.340,15198.000,0.075990,1.768
"1-11,3-5",2,0,batch_output/f_1-11__3-5,1.748,0.380,18222.000,0.091110,2.219
"1-11,3-6",2,0,batch_output/f_1-11__3-6,0.954,0.200,12822.000,0.064110,1.218
"1-11,3-7",2,0,batch_output/f_1-11__3-7,2.003,0.970,14282.000,0.071410,3.045
"1-11,3-8",2,0,batch_output/f_1-11__3-8,1.045,0.220,12822.000,0.064110,1.329
"1-11,4-6",2,0,batch_output/f_1-11__4-6,0.782,0.180,8522.000,0.042610,1.005
"1-11,4-7",2,0,batch_output/f_1-11__4-7,1.164,0.330,12816.000,0.064080,1.558
"1-11,4-8",2,0,batch_output/f_1-11__4-8,1.121,0.310,12816.000,0.064080,1.495
"1-11,4-9",2,0,batch_output/f_1-11__4-9,1.084,0.310,12816.000,0.064080,1.458
"1-11,4-10",2,0,batch_output/f_1-11__4-10,0.837,0.210,8522.000,0.042610,1.090
"1-11,5-6",2,0,batch_output/f_1-11__5-6,2.023,1.000,13246.000,0.066230,3.089
"1-11,5-11",2,0,batch_output/f_1-11__5-11,1.717,0.350,19270.000,0.096350,2.163
"1-11,6-9",2,0,batch_output/f_1-11__6-9,2.056,1.000,13246.000,0.066230,3.122
"1-11,7-8",2,0,batch_output/f_1-11__7-8,1.054,0.230,12822.000,0.064110,1.348
"1-11,7-10",2,0,batch_output/f_1-11__7-10,2.086,0.990,14934.000,0.074670,3.151
"1-11,9-10",2,0,batch_output/f_1-11__9-10,2.057,1.000,14934.000,0.074670,3.132
"1-11,9-11",2,0,batch_output/f_1-11__9-11,1.211,0.340,12816.000,0.064080,1.615
"1-11,10-11",2,0,batch_output/f_1-11__10-11,0.791,0.190,8522.000,0.042610,1.024
"2-3,2-5",2,0,batch_output/f_2-3__2-5,2.292,1.000,14472.000,0.072360,3.365
"2-3,2-8",2,0,batch_output/f_2-3__2-8,2.012,0.980,12436.000,0.062180,3.054
"2-3,3-5",2,0,batch_output/f_2-3__3-5,2.482,1.020,15460.000,0.077300,3.580
"2-3,3-6",2,0,batch_output/f_2-3__3-6,2.082,1.040,14360.000,0.071800,3.194
"2-3,3-7",2,0,batch_output/f_2-3__3-7,1.480,0.820,5760.000,0.028800,2.329
"2-3,3-8",2,0,batch_output/f_2-3__3-8,2.108,1.030,14360.000,0.071800,3.209
"2-3,4-6",2,0,batch_output/f_2-3__4-6,2.089,1.000,14282.000,0.071410,3.160
"2-3,4-7",2,0,batch_output/f_2-3__4-7,1.875,0.980,10054.000,0.050270,2.905
"2-3,4-8",2,0,batch_output/f_2-3__4-8,1.884,0.960,10054.000,0.050270,2.894
"2-3,4-9",2,0,batch_output/f_2-3__4-9,1.852,0.960,10054.000,0.050270,2.862
"2-3,4-10",2,0,batch_output/f_2-3__4-10,2.074,1.000,14282.000,0.071410,3.146
"2-3,5-6",2,0,batch_output/f_2-3__5-6,1.690,0.840,7278.000,0.036390,2.566
"2-3,5-11",2,0,batch_output/f_2-3__5-11,2.411,1.010,16508.000,0.082540,3.504
"2-3,6-9",2,0,batch_output/f_2-3__6-9,1.637,0.820,7278.000,0.036390,2.493
"2-3,7-8",2,0,batch_output/f_2-3__7-8,2.131,1.040,14360.000,0.071800,3.243
"2-3,7-10",2,0,batch_output/f_2-3__7-10,1.719,0.830,8966.000,0.044830,2.594
"2-3,9-10",2,0,batch_output/f_2-3__9-10,1.728,0.840,8966.000,0.044830,2.613
"2-3,9-11",2,0,batch_output/f_2-3__9-11,1.862,0.960,10054.000,0.050270,2.872
"2-3,10-11",2,0,batch_output/f_2-3__10-11,2.118,1.040,14282.000,0.071410,3.230
"2-5,2-8",2,0,batch_output/f_2-5__2-8,0.986,0.180,8712.000,0.043560,1.209
"2-5,3-5",2,0,batch_output/f_2-5__3-5,0.966,0.180,8712.000,0.043560,1.190
"2-5,3-6",2,0,batch_output/f_2-5__3-6,1.636,0.410,17312.000,0.086560,2.132
"2-5,3-7",2,0,batch_output/f_2-5__3-7,2.301,1.010,14472.000,0.072360,3.384
"2-5,3-8",2,0,batch_output/f_2-5__3-8,1.647,0.400,17312.000,0.086560,2.133
"2-5,4-6",2,0,batch_output/f_2-5__4-6,1.582,0.390,17234.000,0.086170,2.058
"2-5,4-7",2,0,batch_output/f_2-5__4-7,0.993,0.180,8712.000,0.043560,1.217
"2-5,4-8",2,0,batch_output/f_2-5__4-8,0.990,0.180,8712.000,0.043560,1.214
"2-5,4-9",2,0,batch_output/f_2-5__4-9,0.990,0.180,8712.000,0.043560,1.214
"2-5,4-10",2,0,batch_output/f_2-5__4-10,1.661,0.390,17234.000,0.086170,2.137
"2-5,5-6",2,0,batch_output/f_2-5__5-6,2.272,1.000,13436.000,0.067180,3.339
"2-5,5-11",2,0,batch_output/f_2-5__5-11,1.007,0.170,8712.000,0.043560,1.221
"2-5,6-9",2,0,batch_output/f_2-5__6-9,2.345,1.000,13436.000,0.067180,3.412
"2-5,7-8",2,0,batch_output/f_2-5__7-8,1.700,0.400,17312.000,0.086560,2.187
"2-5,7-10",2,0,batch_output/f_2-5__7-10,2.243,0.940,15124.000,0.075620,3.258
"2-5,9-10",2,0,batch_output/f_2-5__9-10,2.298,0.990,15124.000,0.075620,3.364
"2-5,9-11",2,0,batch_output/f_2-5__9-11,0.940,0.170,8712.000,0.043560,1.153
"2-5,10-11",2,0,batch_output/f_2-5__10-11,1.615,0.360,17234.000,0.086170,2.062
"2-8,3-5",2,0,batch_output/f_2-8__3-5,1.212,0.200,9700.000,0.048500,1.460
"2-8,3-6",2,0,batch_output/f_2-8__3-6,1.404,0.370,15276.000,0.076380,1.851
"2-8,3-7",2,0,batch_output/f_2-8__3-7,2.069,0.960,12436.000,0.062180,3.091
"2-8,3-8",2,0,batch_output/f_2-8__3-8,1.385,0.330,15276.000,0.076380,1.791
"2-8,4-6",2,0,batch_output/f_2-8__4-6,1.439,0.370,15198.000,0.075990,1.885
"2-8,4-7",2,0,batch_output/f_2-8__4-7,0.778,0.160,6676.000,0.033380,0.972
"2-8,4-8",2,0,batch_output/f_2-8__4-8,0.785,0.170,6676.000,0.033380,0.988
"2-8,4-9",2,0,batch_output/f_2-8__4-9,0.732,0.150,6676.000,0.033380,0.915
"2-8,4-10",2,0,batch_output/f_2-8__4-10,1.414,0.360,15198.000,0.075990,1.850
"2-8,5-6",2,0,batch_output/f_2-8__5-6,2.049,0.970,11400.000,0.057000,3.076
"2-8,5-11",2,0,batch_output/f_2-8__5-11,1.112,0.170,10748.000,0.053740,1.336
"2-8,6-9",2,0,batch_output/f_2-8__6-9,1.998,0.950,11400.000,0.057000,3.005
"2-8,7-8",2,0,batch_output/f_2-8__7-8,1.379,0.370,15276.000,0.076380,1.825
"2-8,7-10",2,0,batch_output/f_2-8__7-10,2.067,0.960,13088.000,0.065440,3.093
"2-8,9-10",2,0,batch_output/f_2-8__9-10,1.991,0.970,13088.000,0.065440,3.027
"2-8,9-11",2,0,batch_output/f_2-8__9-11,0.732,0.160,6676.000,0.033380,0.925
"2-8,10-11",2,0,batch_output/f_2-8__10-11,1.403,0.360,15198.000,0.075990,1.839
"3-5,3-6",2,0,batch_output/f_3-5__3-6,1.851,0.410,18300.000,0.091500,2.353
"3-5,3-7",2,0,batch_output/f_3-5__3-7,2.456,1.030,15460.000,0.077300,3.563
"3-5,3-8",2,0,batch_output/f_3-5__3-8,1.780,0.410,18300.000,0.091500,2.282
"3-5,4-6",2,0,batch_output/f_3-5__4-6,1.748,0.380,18222.000,0.091110,2.219
"3-5,4-7",2,0,batch_output/f_3-5__4-7,1.170,0.190,9700.000,0.048500,1.408
"3-5,4-8",2,0,batch_output/f_3-5__4-8,1.170,0.200,9700.000,0.048500,1.418
"3-5,4-9",2,0,batch_output/f_3-5__4-9,1.151,0.200,9700.000,0.048500,1.400
"3-5,4-10",2,0,batch_output/f_3-5__4-10,1.705,0.410,18222.000,0.091110,2.206
"3-5,5-6",2,0,batch_output/f_3-5__5-6,2.376,1.020,14424.000,0.072120,3.468
"3-5,5-11",2,0,batch_output/f_3-5__5-11,0.962,0.160,8712.000,0.043560,1.166
"3-5,6-9",2,0,batch_output/f_3-5__6-9,2.470,1.000,14424.000,0.072120,3.542
"3-5,7-8",2,0,batch_output/f_3-5__7-8,1.774,0.410,18300.000,0.091500,2.275
"3-5,7-10",2,0,batch_output/f_3-5__7-10,2.453,0.990,16112.000,0.080560,3.524
"3-5,9-10",2,0,batch_output/f_3-5__9-10,2.406,0.980,16112.000,0.080560,3.467
"3-5,9-11",2,0,batch_output/f_3-5__9-11,1.172,0.170,9700.000,0.048500,1.391
"3-5,10-11",2,0,batch_output/f_3-5__10-11,1.816,0.410,18222.000,0.091110,2.317
"3-6,3-7",2,0,batch_output/f_3-6__3-7,2.094,1.020,14360.000,0.071800,3.186
"3-6,3-8",2,0,batch_output/f_3-6__3-8,0.820,0.210,8600.000,0.043000,1.073
"3-6,4-6",2,0,batch_output/f_3-6__4-6,1.044,0.260,12822.000,0.064110,1.368
"3-6,4-7",2,0,batch_output/f_3-6__4-7,1.173,0.350,12894.000,0.064470,1.587
"3-6,4-8",2,0,batch_output/f_3-6__4-8,1.161,0.340,12894.000,0.064470,1.565
"3-6,4-9",2,0,batch_output/f_3-6__4-9,1.197,0.360,12894.000,0.064470,1.622
"3-6,4-10",2,0,batch_output/f_3-6__4-10,1.034,0.220,12822.000,0.064110,1.318
"3-6,5-6",2,0,batch_output/f_3-6__5-6,2.070,1.010,13324.000,0.066620,3.146
"3-6,5-11",2,0,batch_output/f_3-6__5-11,1.844,0.380,19348.000,0.096740,2.321
"3-6,6-9",2,0,batch_output/f_3-6__6-9,2.085,1.030,13324.000,0.066620,3.181
"3-6,7-8",2,0,batch_output/f_3-6__7-8,0.874,0.240,8600.000,0.043000,1.157
"3-6,7-10",2,0,batch_output/f_3-6__7-10,2.119,1.010,15012.000,0.075060,3.204
"3-6,9-10",2,0,batch_output/f_3-6__9-10,2.152,1.020,15012.000,0.075060,3.247
"3-6,9-11",2,0,batch_output/f_3-6__9-11,1.236,0.350,12894.000,0.064470,1.651
"3-6,10-11",2,0,batch_output/f_3-6__10-11,1.094,0.230,12822.000,0.064110,1.388
"3-7,3-8",2,0,batch_output/f_3-7__3-8,2.223,1.070,14360.000,0.071800,3.365
"3-7,4-6",2,0,batch_output/f_3-7__4-6,2.159,1.040,14282.000,0.071410,3.270
"3-7,4-7",2,0,batch_output/f_3-7__4-7,1.864,0.980,10054.000,0.050270,2.894
"3-7,4-8",2,0,batch_output/f_3-7__4-8,1.900,0.960,10054.000,0.050270,2.910
"3-7,4-9",2,0,batch_output/f_3-7__4-9,1.873,0.950,10054.000,0.050270,2.873
"3-7,4-10",2,0,batch_output/f_3-7__4-10,2.125,1.030,14282.000,0.071410,3.226
"3-7,5-6",2,0,batch_output/f_3-7__5-6,1.687,0.810,7278.000,0.036390,2.533
"3-7,5-11",2,0,batch_output/f_3-7__5-11,2.520,1.000,16508.000,0.082540,3.603
"3-7,6-9",2,0,batch_output/f_3-7__6-9,1.721,0.840,7278.000,0.036390,2.597
"3-7,7-8",2,0,batch_output/f_3-7__7-8,2.178,1.050,14360.000,0.071800,3.300
"3-7,7-10",2,0,batch_output/f_3-7__7-10,1.717,0.830,8966.000,0.044830,2.591
"3-7,9-10",2,0,batch_output/f_3-7__9-10,1.743,0.850,8966.000,0.044830,2.638
"3-7,9-11",2,0,batch_output/f_3-7__9-11,1.917,1.000,10054.000,0.050270,2.967
"3-7,10-11",2,0,batch_output/f_3-7__10-11,2.163,1.050,14282.000,0.071410,3.284
"3-8,4-6",2,0,batch_output/f_3-8__4-6,1.047,0.210,12822.000,0.064110,1.321
"3-8,4-7",2,0,batch_output/f_3-8__4-7,1.213,0.360,12894.000,0.064470,1.638
"3-8,4-8",2,0,batch_output/f_3-8__4-8,1.230,0.340,12894.000,0.064470,1.635
"3-8,4-9",2,0,batch_output/f_3-8__4-9,1.230,0.360,12894.000,0.064470,1.654
"3-8,4-10",2,0,batch_output/f_3-8__4-10,1.036,0.220,12822.000,0.064110,1.320
"3-8,5-6",2,0,batch_output/f_3-8__5-6,2.111,1.040,13324.000,0.066620,3.217
"3-8,5-11",2,0,batch_output/f_3-8__5-11,1.801,0.350,19348.000,0.096740,2.248
"3-8,6-9",2,0,batch_output/f_3-8__6-9,2.155,1.040,13324.000,0.066620,3.261
"3-8,7-8",2,0,batch_output/f_3-8__7-8,0.828,0.210,8600.000,0.043000,1.081
"3-8,7-10",2,0,batch_output/f_3-8__7-10,2.137,1.030,15012.000,0.075060,3.242
"3-8,9-10",2,0,batch_output/f_3-8__9-10,2.135,1.020,15012.000,0.075060,3.230
"3-8,9-11",2,0,batch_output/f_3-8__9-11,1.175,0.320,12894.000,0.064470,1.559
"3-8,10-11",2,0,batch_output/f_3-8__10-11,1.019,0.210,12822.000,0.064110,1.293
"4-6,4-7",2,0,batch_output/f_4-6__4-7,1.180,0.340,12816.000,0.064080,1.584
"4-6,4-8",2,0,batch_output/f_4-6__4-8,1.241,0.360,12816.000,0.064080,1.665
"4-6,4-9",2,0,batch_output/f_4-6__4-9,1.175,0.340,12816.000,0.064080,1.579
"4-6,4-10",2,0,batch_output/f_4-6__4-10,0.857,0.210,8522.000,0.042610,1.110
"4-6,5-6",2,0,batch_output/f_4-6__5-6,2.210,1.070,13246.000,0.066230,3.346
"4-6,5-11",2,0,batch_output/f_4-6__5-11,1.857,0.400,19270.000,0.096350,2.353
"4-6,6-9",2,0,batch_output/f_4-6__6-9,2.211,1.110,13246.000,0.066230,3.387
"4-6,7-8",2,0,batch_output/f_4-6__7-8,1.041,0.210,12822.000,0.064110,1.315
"4-6,7-10",2,0,batch_output/f_4-6__7-10,2.120,1.010,14934.000,0.074670,3.205
"4-6,9-10",2,0,batch_output/f_4-6__9-10,2.145,1.030,14934.000,0.074670,3.250
"4-6,9-11",2,0,batch_output/f_4-6__9-11,1.206,0.350,12816.000,0.064080,1.620
"4-6,10-11",2,0,batch_output/f_4-6__10-11,0.856,0.220,8522.000,0.042610,1.118
"4-7,4-8",2,0,batch_output/f_4-7__4-8,0.582,0.140,4294.000,0.021470,0.744
"4-7,4-9",2,0,batch_output/f_4-7__4-9,0.582,0.140,4294.000,0.021470,0.744
"4-7,4-10",2,0,batch_output/f_4-7__4-10,1.207,0.350,12816.000,0.064080,1.621
"4-7,5-6",2,0,batch_output/f_4-7__5-6,1.896,0.980,9018.000,0.045090,2.921
"4-7,5-11",2,0,batch_output/f_4-7__5-11,1.219,0.200,10748.000,0.053740,1.472
"4-7,6-9",2,0,batch_output/f_4-7__6-9,1.838,0.970,9018.000,0.045090,2.853
"4-7,7-8",2,0,batch_output/f_4-7__7-8,1.165,0.340,12894.000,0.064470,1.570
"4-7,7-10",2,0,batch_output/f_4-7__7-10,1.848,0.960,10706.000,0.053530,2.862
"4-7,9-10",2,0,batch_output/f_4-7__9-10,1.872,0.960,10706.000,0.053530,2.885
"4-7,9-11",2,0,batch_output/f_4-7__9-11,0.572,0.140,4294.000,0.021470,0.733
"4-7,10-11",2,0,batch_output/f_4-7__10-11,1.189,0.330,12816.000,0.064080,1.583
"4-8,4-9",2,0,batch_output/f_4-8__4-9,0.587,0.150,4294.000,0.021470,0.759
"4-8,4-10",2,0,batch_output/f_4-8__4-10,1.224,0.340,12816.000,0.064080,1.628
"4-8,5-6",2,0,batch_output/f_4-8__5-6,1.855,0.950,9018.000,0.045090,2.850
"4-8,5-11",2,0,batch_output/f_4-8__5-11,1.211,0.180,10748.000,0.053740,1.445
"4-8,6-9",2,0,batch_output/f_4-8__6-9,1.910,0.970,9018.000,0.045090,2.925
"4-8,7-8",2,0,batch_output/f_4-8__7-8,1.158,0.340,12894.000,0.064470,1.563
"4-8,7-10",2,0,batch_output/f_4-8__7-10,1.876,1.010,10706.000,0.053530,2.939
"4-8,9-10",2,0,batch_output/f_4-8__9-10,1.893,0.970,10706.000,0.053530,2.917
"4-8,9-11",2,0,batch_output/f_4-8__9-11,0.571,0.150,4294.000,0.021470,0.743
"4-8,10-11",2,0,batch_output/f_4-8__10-11,1.148,0.320,12816.000,0.064080,1.532
"4-9,4-10",2,0,batch_output/f_4-9__4-10,1.163,0.320,12816.000,0.064080,1.547
"4-9,5-6",2,0,batch_output/f_4-9__5-6,1.851,0.950,9018.000,0.045090,2.846
"4-9,5-11",2,0,batch_output/f_4-9__5-11,1.227,0.200,10748.000,0.053740,1.480
"4-9,6-9",2,0,batch_output/f_4-9__6-9,1.821,0.930,9018.000,0.045090,2.796
"4-9,7-8",2,0,batch_output/f_4-9__7-8,1.129,0.320,12894.000,0.064470,1.514
"4-9,7-10",2,0,batch_output/f_4-9__7-10,1.818,0.930,10706.000,0.053530,2.802
"4-9,9-10",2,0,batch_output/f_4-9__9-10,1.800,0.930,10706.000,0.053530,2.784
"4-9,9-11",2,0,batch_output/f_4-9__9-11,0.532,0.120,4294.000,0.021470,0.674
"4-9,10-11",2,0,batch_output/f_4-9__10-11,1.145,0.310,12816.000,0.064080,1.519
"4-10,5-6",2,0,batch_output/f_4-10__5-6,2.064,0.990,13246.000,0.066230,3.120
"4-10,5-11",2,0,batch_output/f_4-10__5-11,1.796,0.380,19270.000,0.096350,2.272
"4-10,6-9",2,0,batch_output/f_4-10__6-9,2.125,1.030,13246.000,0.066230,3.221
"4-10,7-8",2,0,batch_output/f_4-10__7-8,1.020,0.210,12822.000,0.064110,1.294
"4-10,7-10",2,0,batch_output/f_4-10__7-10,2.146,1.030,14934.000,0.074670,3.251
"4-10,9-10",2,0,batch_output/f_4-10__9-10,2.114,1.020,14934.000,0.074670,3.208
"4-10,9-11",2,0,batch_output/f_4-10__9-11,1.204,0.350,12816.000,0.064080,1.618
"4-10,10-11",2,0,batch_output/f_4-10__10-11,0.841,0.210,8522.000,0.042610,1.093
"5-6,5-11",2,0,batch_output/f_5-6__5-11,2.494,1.010,15472.000,0.077360,3.582
"5-6,6-9",2,0,batch_output/f_5-6__6-9,1.483,0.810,4724.000,0.023620,2.317
"5-6,7-8",2,0,batch_output/f_5-6__7-8,2.100,1.050,13324.000,0.066620,3.217
"5-6,7-10",2,0,batch_output/f_5-6__7-10,1.716,0.860,7930.000,0.039650,2.616
"5-6,9-10",2,0,batch_output/f_5-6__9-10,1.688,0.850,7930.000,0.039650,2.578
"5-6,9-11",2,0,batch_output/f_5-6__9-11,1.805,0.940,9018.000,0.045090,2.790
"5-6,10-11",2,0,batch_output/f_5-6__10-11,2.096,1.050,13246.000,0.066230,3.212
"5-11,6-9",2,0,batch_output/f_5-11__6-9,2.447,1.000,15472.000,0.077360,3.524
"5-11,7-8",2,0,batch_output/f_5-11__7-8,1.863,0.430,19348.000,0.096740,2.390
"5-11,7-10",2,0,batch_output/f_5-11__7-10,2.530,1.020,17160.000,0.085800,3.636
"5-11,9-10",2,0,batch_output/f_5-11__9-10,2.502,1.010,17160.000,0.085800,3.598
"5-11,9-11",2,0,batch_output/f_5-11__9-11,1.197,0.170,10748.000,0.053740,1.421
"5-11,10-11",2,0,batch_output/f_5-11__10-11,1.848,0.420,19270.000,0.096350,2.364
"6-9,7-8",2,0,batch_output/f_6-9__7-8,2.156,1.060,13324.000,0.066620,3.283
"6-9,7-10",2,0,batch_output/f_6-9__7-10,1.714,0.850,7930.000,0.039650,2.604
"6-9,9-10",2,0,batch_output/f_6-9__9-10,1.728,0.850,7930.000,0.039650,2.618
"6-9,9-11",2,0,batch_output/f_6-9__9-11,1.862,0.970,9018.000,0.045090,2.877
"6-9,10-11",2,0,batch_output/f_6-9__10-11,2.072,1.000,13246.000,0.066230,3.139
"7-8,7-10",2,0,batch_output/f_7-8__7-10,2.134,1.070,15012.000,0.075060,3.279
"7-8,9-10",2,0,batch_output/f_7-8__9-10,2.144,1.050,15012.000,0.075060,3.269
"7-8,9-11",2,0,batch_output/f_7-8__9-11,1.173,0.330,12894.000,0.064470,1.567
"7-8,10-11",2,0,batch_output/f_7-8__10-11,1.055,0.230,12822.000,0.064110,1.349
"7-10,9-10",2,0,batch_output/f_7-10__9-10,1.479,0.830,6412.000,0.032060,2.341
"7-10,9-11",2,0,batch_output/f_7-10__9-11,1.895,0.980,10706.000,0.053530,2.929
"7-10,10-11",2,0,batch_output/f_7-10__10-11,2.063,1.010,14934.000,0.074670,3.148
"9-10,9-11",2,0,batch_output/f_9-10__9-11,1.806,0.940,10706.000,0.053530,2.800
"9-10,10-11",2,0,batch_output/f_9-10__10-11,2.111,1.010,14934.000,0.074670,3.195
"9-11,10-11",2,0,batch_output/f_9-11__10-11,1.195,0.360,12816.000,0.064080,1.619
